<?xml version="1.0" encoding="UTF-8" ?>
<NotepadPlus>
    <UserLang name="GFA BASIC 3.6 Atari (Dark)" ext="gfa" udlVersion="2.1">
        <Settings>
            <Global caseIgnored="yes" allowFoldOfComments="no" foldCompact="no" forcePureLC="0" decimalSeparator="0" />
            <Prefix Keywords1="no" Keywords2="no" Keywords3="no" Keywords4="no" Keywords5="no" Keywords6="no" Keywords7="no" Keywords8="no" />
        </Settings>
        <KeywordLists>
            <Keywords name="Comments">00 REM 01 ' 02 !</Keywords>
            <Keywords name="Numbers, prefix1"></Keywords>
            <Keywords name="Numbers, suffix1">$ % &amp; ! |</Keywords>
            <Keywords name="Numbers, prefix2"></Keywords>
            <Keywords name="Numbers, suffix2">F D L I S B</Keywords>
            <Keywords name="Numbers, others"></Keywords>
            <Keywords name="Operators1">+ - * / \ ^ &amp; | ~ &lt; &gt; =</Keywords>
            <Keywords name="Operators2">AND OR NOT XOR MOD</Keywords>
            <Keywords name="Folders in code1, open">IF FOR WHILE DO REPEAT</Keywords>
            <Keywords name="Folders in code1, middle">ELSE ELSEIF</Keywords>
            <Keywords name="Folders in code1, close">ENDIF NEXT WEND LOOP UNTIL</Keywords>
            <Keywords name="Folders in code2, open">PROCEDURE FUNCTION SELECT</Keywords>
            <Keywords name="Folders in code2, middle">CASE DEFAULT</Keywords>
            <Keywords name="Folders in code2, close">RETURN ENDFUNC ENDSELECT</Keywords>
            <Keywords name="Folders in comment, open">REM ' !</Keywords>
            <Keywords name="Folders in comment, close"></Keywords>
            <Keywords name="Keywords1">ABS ACOS ADDR ALLOC AND APPEND ARCTAN ASC ASIN ATN BEEP BIN$ BLOAD BSAVE BYTE CALL CDBL CHAIN CHDIR CHR$ CINT CIRCLE CLEAR CLIP CLOSE CLS COLOR COM CONT COS CURSOR DATA DATE$ DEC DEF DEFLINE DEFMARK DEFFILL DEG DELETE DIM DIR$ DO DPEEK DPOKE DRAW DROP EDIT EDIT$ ELSE END ENDIF ENVIRON EOF ERL ERR ERROR ERT$ EXEC EXIT EXP</Keywords>
            <Keywords name="Keywords2">FCLOSE FCOUNT FCREATE FDELETE FELLIPSE FERROR FILES FILL FILLED FIX FLINE FOPEN FOR FPEEK FPOKE FREE FREQ FRM$ FUNCTION GET GET$ GOSUB GOTO GRAPHMODE HEX$ HIDEM IF IN INKEY$ INP INPUT INPUT$ INSTR INT INVERSE KILL LEFT$ LEN LET LINE LIST LOAD LOCATE LOF LOG LPEEK LPOKE LPRINT LSET MEMORY MERGE MID$ MKDIR MOD MONTH MOVE NAME NEW NEXT NOT ON OPEN OR OUT PAINT PEEK PLAY POINT POKE POLYLINE POP POS PRESET PRINT PROCEDURE PSET PUSH PUT RANDOMIZE READ RECALL RELEASE RENAME REPEAT RESTORE RESUME RETURN RIGHT$ RMDIR RND ROUND RSET RUN SAVE SCREEN SCRN SCRSAVE SCRSWAP SEEK SETDATE SETTIME SHELL SIN SOUND SPACE$ SPC SQR STEP STOP STR$ SWAP SYSTEM TAN TEST THEN TIME TIMER TO TRAP TRIM$ TROFF TRON UNTIL USR VAL VARPTR VIEW VOID VOL WAIT WEEKDAY WHILE WINDOW XOR YEAR</Keywords>
            <Keywords name="Keywords3">AES VDI GEM RC_COPY BMOVE PCIRCLE VSYNC</Keywords>
            <Keywords name="Keywords4">BITBLT BLITTER BLITTING</Keywords>
            <Keywords name="Keywords5">MIDI MODEM MOUSE JOYSTICK</Keywords>
            <Keywords name="Keywords6">MAT MATADD MATSUB MATMUL MATINV MATTRN</Keywords>
            <Keywords name="Keywords7">BYTE WORD LONG INTEGER SINGLE DOUBLE STRING</Keywords>
            <Keywords name="Keywords8">TRUE FALSE PI DEG RAD</Keywords>
        </KeywordLists>
        <Styles>
            <WordsStyle name="DEFAULT" fgColor="D4D4D4" bgColor="2D2D30" fontName="" fontStyle="0" fontSize="" />
            <WordsStyle name="COMMENTS" fgColor="6A9955" bgColor="2D2D30" fontName="" fontStyle="2" fontSize="" />
            <WordsStyle name="LINE COMMENTS" fgColor="6A9955" bgColor="2D2D30" fontName="" fontStyle="2" fontSize="" />
            <WordsStyle name="NUMBERS" fgColor="B5CEA8" bgColor="2D2D30" fontName="" fontStyle="0" fontSize="" />
            <WordsStyle name="KEYWORDS1" fgColor="569CD6" bgColor="2D2D30" fontName="" fontStyle="1" fontSize="" />
            <WordsStyle name="KEYWORDS2" fgColor="4EC9B0" bgColor="2D2D30" fontName="" fontStyle="1" fontSize="" />
            <WordsStyle name="KEYWORDS3" fgColor="C586C0" bgColor="2D2D30" fontName="" fontStyle="1" fontSize="" />
            <WordsStyle name="KEYWORDS4" fgColor="9CDCFE" bgColor="2D2D30" fontName="" fontStyle="0" fontSize="" />
            <WordsStyle name="KEYWORDS5" fgColor="DCDCAA" bgColor="2D2D30" fontName="" fontStyle="1" fontSize="" />
            <WordsStyle name="KEYWORDS6" fgColor="CE9178" bgColor="2D2D30" fontName="" fontStyle="0" fontSize="" />
            <WordsStyle name="KEYWORDS7" fgColor="D7BA7D" bgColor="2D2D30" fontName="" fontStyle="1" fontSize="" />
            <WordsStyle name="KEYWORDS8" fgColor="4FC1FF" bgColor="2D2D30" fontName="" fontStyle="1" fontSize="" />
            <WordsStyle name="OPERATORS" fgColor="D4D4D4" bgColor="2D2D30" fontName="" fontStyle="0" fontSize="" />
            <WordsStyle name="FOLDER IN CODE1" fgColor="569CD6" bgColor="2D2D30" fontName="" fontStyle="1" fontSize="" />
            <WordsStyle name="FOLDER IN CODE2" fgColor="C586C0" bgColor="2D2D30" fontName="" fontStyle="1" fontSize="" />
            <WordsStyle name="FOLDER IN COMMENT" fgColor="6A9955" bgColor="2D2D30" fontName="" fontStyle="2" fontSize="" />
            <WordsStyle name="DELIMITERS1" fgColor="CE9178" bgColor="2D2D30" fontName="" fontStyle="0" fontSize="" />
            <WordsStyle name="DELIMITERS2" fgColor="CE9178" bgColor="2D2D30" fontName="" fontStyle="0" fontSize="" />
            <WordsStyle name="DELIMITERS3" fgColor="CE9178" bgColor="2D2D30" fontName="" fontStyle="0" fontSize="" />
            <WordsStyle name="DELIMITERS4" fgColor="CE9178" bgColor="2D2D30" fontName="" fontStyle="0" fontSize="" />
            <WordsStyle name="DELIMITERS5" fgColor="CE9178" bgColor="2D2D30" fontName="" fontStyle="0" fontSize="" />
            <WordsStyle name="DELIMITERS6" fgColor="CE9178" bgColor="2D2D30" fontName="" fontStyle="0" fontSize="" />
            <WordsStyle name="DELIMITERS7" fgColor="CE9178" bgColor="2D2D30" fontName="" fontStyle="0" fontSize="" />
            <WordsStyle name="DELIMITERS8" fgColor="CE9178" bgColor="2D2D30" fontName="" fontStyle="0" fontSize="" />
        </Styles>
    </UserLang>
</NotepadPlus>