<NotepadPlus>
    <UserLang name="GFA BASIC 3.6 Atari" ext="gfa lst" udlVersion="2.1">
        <Settings>
            <Global caseIgnored="yes" allowFoldOfComments="yes" foldCompact="no" forcePureLC="0" decimalSeparator="0" />
            <Prefix Keywords1="no" Keywords2="no" Keywords3="no" Keywords4="no" Keywords5="no" Keywords6="no" Keywords7="no" Keywords8="no" />
        </Settings>
        <KeywordLists>
            <Keywords name="Comments">00' 01Rem 02! 03 04</Keywords>
            <Keywords name="Numbers, prefix1">&amp;H &amp;X</Keywords>
            <Keywords name="Numbers, prefix2"></Keywords>
            <Keywords name="Numbers, extras1"></Keywords>
            <Keywords name="Numbers, extras2"></Keywords>
            <Keywords name="Numbers, suffix1">$ % &amp; ! |</Keywords>
            <Keywords name="Numbers, suffix2">F D L I S B</Keywords>
            <Keywords name="Numbers, range"></Keywords>
            <Keywords name="Operators1">= + - ( ) * / ^ , ; : ! % &amp; &lt; &gt; &lt;= &gt;= &lt;&gt;</Keywords>
            <Keywords name="Operators2">AND OR XOR NOT MOD</Keywords>
            <Keywords name="Folders in code1, open">IF FOR WHILE DO REPEAT</Keywords>
            <Keywords name="Folders in code1, middle">ELSE ELSEIF</Keywords>
            <Keywords name="Folders in code1, close">ENDIF NEXT WEND LOOP UNTIL</Keywords>
            <Keywords name="Folders in code2, open">PROCEDURE FUNCTION SELECT</Keywords>
            <Keywords name="Folders in code2, middle">CASE DEFAULT</Keywords>
            <Keywords name="Folders in code2, close">RETURN ENDFUNC ENDSELECT</Keywords>
            <Keywords name="Folders in comment, open">REM ' !</Keywords>
            <Keywords name="Folders in comment, middle"></Keywords>
            <Keywords name="Folders in comment, close"></Keywords>
            <Keywords name="Keywords1">ABS AND APPEND AS ASC ATN BGET BPUT CALL CASE CHAIN CHR$ CIRCLE CLEAR CLOSE CLS COLOR CONT COS DATA DATE$ DEFAULT DELETE DIM DO DRAW ELSE ELSEIF END ENDIF ENDSELECT EXP FIX FOR FUNCTION GET GOSUB GOTO HEX$ IF INKEY$ INPUT INT LEFT$ LEN LET LINE LIST LOAD LOCATE LOG LOOP MID$ NEW NEXT NOT ON OPEN OR PAINT PALETTE PEEK PLOT POKE PRINT PUT RANDOMIZE READ REM RESTORE RETURN RIGHT$ RND RUN SAVE SELECT SGN SIN SQR STEP STR$ TAB TAN THEN TO UNTIL VAL WEND WHILE PROCEDURE LOCAL GLOBAL STATIC SHARED ENDFUNC ENDPROC BREAK CONT EXIT PAUSE DELAY EVERY AFTER EXEC QUIT STOP TIMER TIME$ UPPER$ LOWER$ LTRIM$ RTRIM$ TRIM$ SPACE$ STRING$ FORMAT$ USING HEX$ OCT$ BIN$ REVERSE$ REPLACE$ INSERT$ DELETE$ CONCAT$ COMPARE MATCH SEARCH FIND SUBSTR$ SUBSTRING$ STRSTR STRCHR STRRCHR STRCMP STRCPY STRCAT STRLEN STRDUP STRLWR STRUPR STRREV STRSET STRNSET STRSPN STRCSPN STRPBRK STRTOK</Keywords>
            <Keywords name="Keywords2">BOX PBOX ELLIPSE PELLIPSE ARC PARC FILL POLYLINE POLYGON POLYMARK POLYFILL CURVE RBOX PRBOX BAR PBAR SCROLL ZOOM ROTATE MIRROR FLIP SCREEN ALINE ARECT ATEXT ACHAR ACLIP APOLY BOUNDARY HLINE VLINE SETSCREEN GETREZ PHYSBASE LOGBASE DEFSPRITE HARDCOPY INVERT GREY DIMMER PSET PGET POINT PCIRCLE GRAPHMODE CLEARW SETCOLOR VSETCOLOR BITBLT RASTER SPRITE BMOVE SGET SPUT VSYNC MOVE DEFLINE DEFFILL DEFMARK DEFTEXT TEXT CLIP HIDEM SHOWM PTST RC_COPY GET PUT SGET SPUT FILESELECT ALERT GRAF_HANDLE GRAF_MOUSE GRAF_MKSTATE WIND_CREATE WIND_OPEN WIND_CLOSE WIND_DELETE WIND_GET WIND_SET WIND_FIND WIND_UPDATE WIND_CALC WIND_NEW FORM_DO FORM_DIAL FORM_ALERT FORM_ERROR FORM_CENTER FORM_KEYBD FORM_BUTTON MENU_BAR MENU_ICHECK MENU_IENABLE MENU_TNORMAL MENU_TEXT MENU_REGISTER CIRCLE PCIRCLE</Keywords>
            <Keywords name="Keywords3">BIOS XBIOS GEMDOS TRAP SYSTEM RESERVE MALLOC MFREE HIMEM VARPTR SADD DPEEK DPOKE LPEEK LPOKE SWAP BMOVE FILL ARRAYFILL SORT QSORT SSORT SOUND WAVE BEEP KBSHIFT CURSCONF SETTIME SETDATE GETTIME GETDATE SUPEXEC PTERMRES PTERM MSHRINK MXALLOC FOPEN FCLOSE FREAD FWRITE FSEEK FCREATE FDELETE FRENAME FATTRIB FDUP FFORCE DGETDRV DSETDRV DGETPATH DSETPATH DCREATE DDELETE DFREE SREALLOC BASEPAGE SPOKE DSPOKE LSPOKE CLR VOID ABSOLUTE INLINE RCOPY BLOAD BSAVE STORE RECALL FSFIRST FSNEXT TOUCH RSCONF INPMID$ INPAUX$ DEFMOUSE BCLR BSET BCHG PRED SUCC SINQ COSQ CARD LSET RSET KEYTEST KEYGET KEYLOOK KEYPRESS KEYDEF DEFLIST DEFWRD DUMP TYPE EXIST LOF NAME KILL SETMOUSE STRIG STICK DOSOUND DMASOUND DMACONTROL SETBUFFER BUFFOPER SOUNDCMD DEVCONNECT SNDSTATUS BUFFPTR DSPTRISTATE LOCKSND UNLOCKSND SETMODE SETTRACK SETTRACKS SETMONTRACKS SETINTERRUPT XBTIMER JDISINT JENABINT GIACCESS OFFGIBIT ONGIBIT SETPRT FLOPPRD FLOPPWR FLOPFMT MIDIWS MFPINT IOREC</Keywords>
            <Keywords name="Keywords4">MOUSE MOUSEX MOUSEY MOUSEK MOUSEB SETMOUSE DEFMOUSE HIDEM SHOWM STICK STRIG PADDLE PTRIG INKEY KEYPRESS KEYGET KEYLOOK KEYTEST KEYDEF KBSHIFT INPUT$ LINE INPUT PRINT TAB DIR$ FILES CHAIN EXEC MENU OPENW CLOSEW TITLEW CLEARW ALERT SHEL_GET SHEL_PUT EVERY AFTER ON MENU ON BREAK ON ERROR ON TIMER RESUME GOTO GOSUB IF THEN ELSE ENDIF ELSEIF SELECT CASE DEFAULT ENDSELECT FOR TO STEP NEXT WHILE WEND REPEAT UNTIL DO LOOP DIM REDIM ERASE CLEAR READ DATA RESTORE OPEN CLOSE PRINT INPUT LINE APPEND RANDOM BINARY SEQUENTIAL EOF LOC SEEK FIELD GET PUT LSET RSET MKI$ MKL$ MKS$ MKD$ CVI CVL CVS CVD</Keywords>
            <Keywords name="Keywords5">MIN MAX MOD DIV RANDOM RND SEED CINT CLNG CDBL CSNG CVS CVD CVL CVI MKS MKD MKL MKI ODD EVEN PRED SUCC FACT SHL SHR ROL ROR BTST BSET BCLR BCHG LOG10 SINH COSH TANH DEG RAD PI ROUND TRUNC FRAC ATN2 SINQ COSQ CARD FACT NORM DET QDET RANG INV TRANSPOSE IDENTITY ZERO COPY FILL MAT ADD SUB MUL LBOUND UBOUND ARRAYSIZE REVERSE SEARCH COMPARE ARRAYFILL ARRPTR STRPTR DEFWRD DEFINT DEFSTR DEFBYT DEFBOOL</Keywords>
            <Keywords name="Keywords6">AES VDI GEM GEMSYS VDISYS RC_COPY RC_INTERSECT RC_EQUAL GRAF_HANDLE GRAF_MOUSE GRAF_MKSTATE WIND_CREATE WIND_OPEN WIND_CLOSE WIND_DELETE WIND_GET WIND_SET WIND_FIND WIND_UPDATE WIND_CALC WIND_NEW FORM_DO FORM_DIAL FORM_ALERT FORM_ERROR FORM_CENTER FORM_KEYBD FORM_BUTTON MENU_BAR MENU_ICHECK MENU_IENABLE MENU_TNORMAL MENU_TEXT MENU_REGISTER OBJC_ADD OBJC_DELETE OBJC_DRAW OBJC_FIND OBJC_OFFSET OBJC_ORDER OBJC_EDIT OBJC_CHANGE RSRC_LOAD RSRC_FREE RSRC_GADDR RSRC_SADDR RSRC_OBFIX SCRP_READ SCRP_WRITE FSEL_INPUT FSEL_EXINPUT SHEL_READ SHEL_WRITE SHEL_GET SHEL_PUT SHEL_FIND SHEL_ENVRN APPL_INIT APPL_READ APPL_WRITE APPL_FIND APPL_TPLAY APPL_TRECORD APPL_EXIT EVNT_KEYBD EVNT_BUTTON EVNT_MOUSE EVNT_MESAG EVNT_TIMER EVNT_MULTI EVNT_DCLICK V_OPNVWK V_CLSVWK V_OPNWK V_CLSWK V_CLRWK V_UPDWK VST_HEIGHT VST_POINT VST_EFFECTS VST_COLOR VST_ROTATION VST_FONT VST_ALIGNMENT VSL_TYPE VSL_WIDTH VSL_COLOR VSL_ENDS VSL_UDSTY VSF_INTERIOR VSF_STYLE VSF_COLOR VSF_PERIMETER VSF_UDPAT VSM_TYPE VSM_HEIGHT VSM_COLOR VR_RECFL VRT_CPYFM VRO_CPYFM V_PLINE V_PMARKER V_GTEXT V_FILLAREA V_CELLARRAY V_CONTOURFILL V_BAR V_ARC V_PIESLICE V_CIRCLE V_ELLIPSE V_ELLARC V_ELLPIE V_RBOX V_RFBOX VQ_COLOR VQ_CELLARRAY VQ_LOCATE VQ_TEXTENT VQ_JUSTIFIED VQT_ATTRIBUTES VQT_EXTENT VQT_WIDTH VQT_NAME VQL_ATTRIBUTES VQF_ATTRIBUTES VQM_ATTRIBUTES VQP_FILMS VQP_STATE VQP_ERROR VQP_FILMNAME VQT_FONTINFO</Keywords>
            <Keywords name="Keywords7">LBOUND UBOUND ARRAYSIZE SORT QSORT SSORT REVERSE SEARCH FILL COPY MOVE COMPARE ARRAYFILL ARRPTR VARPTR SADD STRPTR DEFWRD DEFINT DEFSTR DEFBYT DEFBOOL LOCAL GLOBAL STATIC SHARED ALLOC REALLOC CALLOC MEMSET MEMCPY MEMMOVE MEMCMP MEMCHR ABSOLUTE INLINE SPOKE DSPOKE LSPOKE CLR VOID RCOPY BMOVE FILL MOVE COPY COMPARE SEARCH SORT REVERSE FRE HIMEM LOMEM CLEAR ERASE SWAP FILL MOVE COPY COMPARE SEARCH SORT REVERSE BMOVE RCOPY INLINE SPOKE DSPOKE LSPOKE CLR VOID ALLOC REALLOC CALLOC MEMSET MEMCPY MEMMOVE MEMCMP MEMCHR STRPTR ARRPTR ABSOLUTE</Keywords>
            <Keywords name="Keywords8">TRUE FALSE NULL PI E MAXINT MININT MAXLNG MINLNG MAXSNG MINSNG MAXDBL MINDBL INFINITY NAN UNDEFINED EMPTY NOTHING VARIANT OBJECT CURRENCY DECIMAL SINGLE DOUBLE INTEGER LONG BYTE BOOLEAN STRING VARIANT OBJECT CURRENCY DECIMAL SINGLE DOUBLE INTEGER LONG BYTE BOOLEAN STRING</Keywords>
            <Keywords name="Delimiters">00&quot; 01 02&quot; 03' 04 05' 06( 07 08) 09[ 10 11] 12{ 13 14} 15 16 17 18 19 20 21 22 23</Keywords>
        </KeywordLists>
        <Styles>
            <WordsStyle name="DEFAULT" fgColor="000000" bgColor="FFFFFF" fontName="" fontStyle="0" nesting="0" />
            <WordsStyle name="COMMENTS" fgColor="008000" bgColor="FFFFFF" fontName="" fontStyle="2" nesting="0" />
            <WordsStyle name="LINE COMMENTS" fgColor="008000" bgColor="FFFFFF" fontName="" fontStyle="2" nesting="0" />
            <WordsStyle name="NUMBERS" fgColor="FF8000" bgColor="FFFFFF" fontName="" fontStyle="0" nesting="0" />
            <WordsStyle name="KEYWORDS1" fgColor="0000FF" bgColor="FFFFFF" fontName="" fontStyle="1" nesting="0" />
            <WordsStyle name="KEYWORDS2" fgColor="8000FF" bgColor="FFFFFF" fontName="" fontStyle="0" nesting="0" />
            <WordsStyle name="KEYWORDS3" fgColor="FF0080" bgColor="FFFFFF" fontName="" fontStyle="0" nesting="0" />
            <WordsStyle name="KEYWORDS4" fgColor="0080FF" bgColor="FFFFFF" fontName="" fontStyle="1" nesting="0" />
            <WordsStyle name="KEYWORDS5" fgColor="800080" bgColor="FFFFFF" fontName="" fontStyle="1" nesting="0" />
            <WordsStyle name="KEYWORDS6" fgColor="008080" bgColor="FFFFFF" fontName="" fontStyle="0" nesting="0" />
            <WordsStyle name="KEYWORDS7" fgColor="808000" bgColor="FFFFFF" fontName="" fontStyle="0" nesting="0" />
            <WordsStyle name="KEYWORDS8" fgColor="FF4000" bgColor="FFFFFF" fontName="" fontStyle="1" nesting="0" />
            <WordsStyle name="OPERATORS" fgColor="FF0000" bgColor="FFFFFF" fontName="" fontStyle="1" nesting="0" />
            <WordsStyle name="FOLDER IN CODE1" fgColor="0000FF" bgColor="FFFFFF" fontName="" fontStyle="1" nesting="0" />
            <WordsStyle name="FOLDER IN CODE2" fgColor="000000" bgColor="FFFFFF" fontName="" fontStyle="0" nesting="0" />
            <WordsStyle name="FOLDER IN COMMENT" fgColor="008000" bgColor="FFFFFF" fontName="" fontStyle="0" nesting="0" />
            <WordsStyle name="DELIMITERS1" fgColor="800080" bgColor="FFFFFF" fontName="" fontStyle="0" nesting="0" />
            <WordsStyle name="DELIMITERS2" fgColor="000000" bgColor="FFFFFF" fontName="" fontStyle="0" nesting="0" />
            <WordsStyle name="DELIMITERS3" fgColor="000000" bgColor="FFFFFF" fontName="" fontStyle="0" nesting="0" />
            <WordsStyle name="DELIMITERS4" fgColor="000000" bgColor="FFFFFF" fontName="" fontStyle="0" nesting="0" />
            <WordsStyle name="DELIMITERS5" fgColor="000000" bgColor="FFFFFF" fontName="" fontStyle="0" nesting="0" />
            <WordsStyle name="DELIMITERS6" fgColor="000000" bgColor="FFFFFF" fontName="" fontStyle="0" nesting="0" />
            <WordsStyle name="DELIMITERS7" fgColor="000000" bgColor="FFFFFF" fontName="" fontStyle="0" nesting="0" />
            <WordsStyle name="DELIMITERS8" fgColor="000000" bgColor="FFFFFF" fontName="" fontStyle="0" nesting="0" />
        </Styles>
    </UserLang>
</NotepadPlus>